﻿{
    "Format": "1.23.0",
    "Changes": [
        {
            "LogName": "Surfing Trophy Animation",
            "Action": "EditImage",
            "Target": "{{spacechase0.JsonAssets/BigCraftableSpriteTilesheet:Surfing Trophy}}",
            "FromFile": "SurfingTrophy_Animated.png",
            "FromArea": {
                "X": "0",
                "Y": "0",
                "Width": "16",
                "Height": "32"
            },
            "ToArea": {
                "X": "{{spacechase0.JsonAssets/BigCraftableSpriteX:Surfing Trophy}}",
                "Y": "{{spacechase0.JsonAssets/BigCraftableSpriteY:Surfing Trophy}}",
                "Width": "16",
                "Height": "32"
            },
            "AnimationFrameTime": 5,
            "AnimationFrameCount": 16
        }
    ]
}
