﻿{
    "name": "Szörf fesztivál",
    "conditions": "Beach/900 1400",
    "set-up": "event2/-1000 -1000/farmer 38 3 2/changeToTemporaryMap Beach-Surfing/loadActors Set-Up/animate Robin false true 500 20 21 20 22/animate Demetrius false true 500 24 25 24 26/viewport 38 2 clamp true/pause 1000/playerControl surfing",
    "mainEvent": "pause 500/playMusic none/pause 500/globalFade/viewport -1000 -1000/loadActors MainEvent/warpSurfingRacers/viewport 18 57 true unfreeze/pause 2000/message \"Elemek leírása (Jobb gombbal használható):^ Csillaghulló lendület - Ideiglenes sebesség növelés.^ Gömbhal lövedék - Gömbhal kilövése egy másik játékosra.^ Viharfelhő - Áramütés az 1. helyen lévő versenyzőnek.^ Junimo erő - Legyőzhetetlenség és egy kis sebesség növelés.\"/speak Lewis \"Készülj...\"/speak Lewis \"Vigyázz.....\"/speak Lewis \"Rajt!\"/waitForOtherPlayers actualRace/playSound whistle/playMusic cowboy_outlawsong/playerControl surfingRace",
    "afterSurfingRace": "pause 100/playSound whistle/waitForOtherPlayers endContest/pause 1000/globalFade/viewport -1000 -1000/playMusic event1/loadActors PostEvent/warpSurfingRacersFinish/pause 1000/viewport 34 12 true/pause 2000/speak Lewis \"{{winDialog}}\"/awardSurfingPrize/pause 600/viewport move 1 0 5000/pause 2000/globalFade/viewport -1000 -1000/waitForOtherPlayers festivalEnd/end",
    "FarmerWin": "Gratulálok {{winner}}!#$b#Valahányszor látunk, mindig valami újat tudunk meg rólad! Szerintem egyikünk sem tudta, hogy ilyen jól tudsz szörfözni.#$b#Gyere és vedd át a nyereményed.",
    "HarveyWin": "Gratulálok Harvey! Nem volt rossz ez első próbálkozásnak. Itt van a nyereményed.",
    "EmilyWin": "Gratulálok Emily! A verseny kiélezett lesz a következő évben. Itt van a nyereményed.",
    "MaruWin": "Gratulálok Maru! Fantasztikus voltál. Itt van a nyereményed.",
    "ShaneWin": "Gratulálok Shane! Jas egész idő alatt szurkolt. Itt van a nyereményed.",
    "Abigail_spouse": "@. Tudod, miért félek a szörfözéstől?$#b#Valaki az interneten egy tengeri szörnyről beszélt, ami a víz alatt él. Tudom, hogy nem szabad elhinni mindent, amit olvasok, de annyira valóságosnak hangzott!",
    "Leah_spouse": "Ha rész veszel a versenyen, támogatni foglak!$h",
    "Maru_spouse": "Gondolod, hogy legyőzhetsz a szörf versenyen? Mit szólsz ahhoz, hogy a vesztes ma este elkészíti a vacsorát?",
    "Penny_spouse": "@. Döntöttél-e már, hogy részt veszel a szörf versenyen? Szurkolni fogok neked! Meg tudod csinálni!$h",
    "Haley_spouse": "Szeretek a tengerparton maradni és nézni, hogy a többiek szörföznek. Emily szerint jó lenne, ha új izgalmas dolgokat próbálnék ki, de ez egy kicsit sok nekem.",
    "Sebastian_spouse": "Szerinted mi van a víz alatt? Abigail küldött egy cikket, amiben egy víz alatt élő tengeri szörnyről írtak. Szerinted ez igaz?",
    "Sam_spouse": "Szerettem volna részt venni a versenyen, de anyukám úgy gondolja, hogy az a legjobb ha nem veszek rész a versenyen Vincent miatt. Nem akarja, hogy ötleteket adjon neki és ezért nem hibáztatom. Vincent egy kicsit vad testvér.",
    "Alex_spouse": "Nem kell aggódnod miattam. Mivel Sam nem tudott csatlakozni a versenyhez ezért visszavontam a nevezésemet. Pedig megtudtuk volna ki a leggyorsabb: Én vagy a gördeszkás.",
    "Harvey_spouse": "Kérlek, vigyázz magadra @. Nem akarom hogy a fejem sziklának csapódjon.",
    "Elliott_spouse": "Néha hiányzik az a régi huzatos kunyhó. De a házamat sokkal jobban szeretem.",
    "Emily_spouse": "Folyamatosan megpróbálom rávenni Haleyt, hogy próbáljon ki valami újat. De ő mindig csak arról beszél, hogy végre kijusson Pelikán városból. De a városban hol lehet a hullámokon lovagolni?",
    "Abigail": "@, tervezed, hogy részt veszel a versenyen?#$b#Szerettem volna részt venni a versenyen, de kicsit félek attól, hogy mi van a vízben...$3",
    "Emily": "Haley mindig szeretne izgalmas dolgokat kipróbálni, de úgy tűnik, hogy a versenyen nem akar részt venni.#$b#So Szóval csatlakozni fogok helyette! Sok szernecsét, @!$h",
    "Robin": "Lewis megkért, hogy készítsek néhány szörfdeszkát, mivel a külföldről behozottak túl drágák voltak.",
    "Demetrius": "Tudtad, hogy Maru szörfözik? Én nem tudtam! Ez a völgy tele van titkokkal, még olyanokkal is melyek nem tudományosak.",
    "Maru": "Nos, egy kicsit ideges vagyok a Szörf verseny miatt, de Harvey azt mondta, hogy ő is csatlakozni fog a versenyhez.",
    "Sebastian": "Kell egy kis izgalom, de ragaszkodom a motorkerékpáromhoz.",
    "Linus": "Sokkal jobban szeretek a víz alatt úszni, mint felette.",
    "Pierre": "Vess egy pillantást a Robin által készített szörfdeszkákra. Megtiszteltetés számomra, hogy ilyen remek termékeket tudok árulni.",
    "Caroline": "Mindig szeretem az ilyen típusú fesztiválokat. Nagyon jó ha a barátaim és jó ételek vesznek körül, meg a gyerekeket szórakozni látom.",
    "Alex": "Meg akartam mutatni ezeket az izmokat, és versenyeztem Sammel, de az utolsó pillanatban Sam feladta.",
    "George": "Fiatal koromban szörföztem. Lehet, hogy nem hiszel ennek az öregembernek, de jártam Oahu és Tavarua szigetén.",
    "Evelyn": "Tudtad, hogy George régen szörfözött?#$b#Nem ismertem még amikor szörfözött, de mutatott nekem képeket, melyeken a hullámokon lovagol.#$b#Mindig olyan jóképű volt.$h",
    "Lewis": "Ha még nem tetted meg, ne felejtsd el feltölteni és meggyújtani a máglyát.#$b#Azt akarjuk, hogy mindneki melegen legyen a verseny alatt.",
    "Clint": "Életem nagy részét Pelikán városban töltöttem @. Soha nem láttam, hogy bárki is szörfözött volna ezeken a vizeken.$s",
    "Penny": "Későbbre vártam a szörf fesztivált! @, gondolod, hogy el kellne kezdenünk készülődni a következő évre?",
    "Pam": "@, még soha nem volt ilyen fesztivál a völgyben, mielőtt idejöttél. Lewis nem egyedül gondolta ezt ki.",
    "Haley": "Emily folyamatosan azt mondja, hogy próbáljam ki a szörfözést, de nem akarom, hogy tönkremenjen a hajam.#$b#Úszósapka? Nem! Szörnyen néznék ki.$a",
    "Jodi": "Meggyőztem a gyerekeimet hogy az idén ne szörfözzenek.#$b#Sam természetesen gördeszkázhat, de nem akarom, hogy megsérüljenek ha sziklába ütköznek, vagy hálóba akadnak.#$b#Vincent? Még túl fiatal, de talán majd idősebb korában.",
    "Kent": "Jodinak az idén hagynia kellett volna a gyerekeket szörfözni. Fiatalok. Több pozitív dolgot kellene átélniük az életben.",
    "Marlon": "Nincsenek olyan kardok vagy íjak, melyek károsíthatnák a hullámokat. Sok szerencsét @!",
    "Sam": "Alex szörfözni szeretne, de én csak pihenni akarok. Tökéletes kifogást találtam ki.",
    "Leah": "A tengerparton maradok, hogy ihletet szerezzek a következő művemhez. Talán hívhatnám 'Hullámvölgy'-nek.",
    "Shane": "Várom a következő versenyt! @, van egy extra deszkám, ha részt szeretnél venni.",
    "Marnie": "Lewis mondta, hogy Shane jelentkezett a versenyre. Először meglepődtem, de tudom, hogy Shane nyerni fog.",
    "Elliott": "Nem szeretek a házam előtt állni, de szeretem ezt a fesztivált. Nagyon szórakoztató.#$b#Gyakorolnom kellene a szörfdeszkán való egyensúlyozást az egyik dagály medencében.",
    "Gus": "Mindig szeretek egy napot a Szalonon kívül eltölteni. Nagyszerű ez a fesztivál.$h",
    "Dwarf": "A felszínen az emberek nem félnek a víztől. Meglovagolják. De a föld alatt? A víz a repedéseken keresztül áramlik be.",
    "Wizard": "Szükséged van egy titokzatos varázslatra, mely javítja a szerencsédet a játékban?",
    "Harvey": "*Nyel* Miért vállaltam el a részvételt... Még soha nem szörföztem.$s",
    "Sandy": "Egy fesztivál! Nagyon izgatott vagyok!",
    "Jas": "Shane megnyeri a Szörf versenyt!$h",
    "Vincent": "Anya azt mondta, hogy még nem vagyok elég idős a szörfözéshez.$s",
    "Willy": "Néha hallom, hogy a hullámok a mólóhoz csapódnak. Remélem a gyereket tudják mit csinálnak. A tenger elég vad."
}
