﻿{
    "name": "Surfing Festival",
    "conditions": "Beach/900 1400",
    "set-up": "event2/-1000 -1000/farmer 38 3 2/changeToTemporaryMap Beach-Surfing/loadActors Set-Up/animate Robin false true 500 20 21 20 22/animate Demetrius false true 500 24 25 24 26/viewport 38 2 clamp true/pause 1000/playerControl surfing",
    "mainEvent": "pause 500/playMusic none/pause 500/globalFade/viewport -1000 -1000/loadActors MainEvent/warpSurfingRacers/viewport 18 57 true unfreeze/pause 2000/message \"Items (right click to use):^ Stardrop Boost - Temporary speed boost.^ Pufferfish Projectile - Shoot a pufferfish at the next player ahead.^ Seeking Cloud - Zap the player in first place.^ Junimo Power - Invincibility and a small speed boost.\"/speak Lewis \"Ready...\"/speak Lewis \"Set.....\"/speak Lewis \"Go!\"/waitForOtherPlayers actualRace/playSound whistle/playMusic cowboy_outlawsong/playerControl surfingRace",
    "afterSurfingRace": "pause 100/playSound whistle/waitForOtherPlayers endContest/pause 1000/globalFade/viewport -1000 -1000/playMusic event1/loadActors PostEvent/warpSurfingRacersFinish/pause 1000/viewport 34 12 true/pause 2000/speak Lewis \"{{winDialog}}\"/awardSurfingPrize/pause 600/viewport move 1 0 5000/pause 2000/globalFade/viewport -1000 -1000/waitForOtherPlayers festivalEnd/end",
    "FarmerWin": "Congratulations {{winner}}!#$b#Every time I see you I learn something new about you! I don't think any of us knew you could surf so well.#$b#Come and get your prize.",
    "HarveyWin": "Congratulations Harvey! Not bad for a first timer, here's your prize.",
    "EmilyWin": "Congratulations Emily! You'll be tough competition to beat next year. Here's your prize.",
    "MaruWin": "Congratulations Maru! You were fantastic out there. Here's you're prize.",
    "ShaneWin": "Congratulations Shane! Jas was cheering you on the entire time. Here's your prize.",
    "Abigail_spouse": "Do you know why I was afraid to go surfing @?$#b#Somebody online was talking about a sea monster that lives underneath the water. I know I shouldn't believe everything I read but it sounded so authentic!",
    "Leah_spouse": "If you join in on the fun I'll be cheering you on!$h",
    "Maru_spouse": "Think you can beat me in the surfing competition? How about loser makes dinner tonight?",
    "Penny_spouse": "Have you decided if you're going to join in on the fun @? I'll be cheering you on! You can do it!$h",
    "Haley_spouse": "I'm happy to stay on land and watch everyone surf. Emily thinks it would be good for me to try exciting things but this is a bit much for me.",
    "Sebastian_spouse": "What all do you think is under the water? Abigail sent me a post about a sea creature living underneath. Do you think that's true?",
    "Sam_spouse": "I wanted to participate but my mom thinks it's best to not because of Vincent. She doesn't want him getting any ideas and I can't blame her. He's a wild little bother.",
    "Alex_spouse": "You don't have to worry about me. I withdrew my entry since Sam couldn't join in. We were gonna see who was the fastest: me or the skateboarder.",
    "Harvey_spouse": "Please don't get hurt @. I don't want you colliding into a rock and hitting your head.",
    "Elliott_spouse": "Sometimes I miss that old, drafty cabin. Our home is much nicer.",
    "Emily_spouse": "I still try to push Haley to try new things. She always talked about getting out of Pelican Town but where in the city can she ride some waves?",
    "Abigail": "Do you plan on participating in the race @?#$b#I wanted to but I'm a little afraid of what might be in the water....$3",
    "Emily": "Haley always wants to try exciting things but she didn't want to participate in the race.#$b#So I took her place! Best of luck to you @!$h",
    "Robin": "Lewis asked me to make some surfboards since they were too expensive to import.",
    "Demetrius": "Did you know Maru surfed? I didn't! This valley is full of secrets, even some that aren't scientific.",
    "Maru": "Mmm, I'm a little nervous about the surfing competition but Harvey said he'd participate with me.",
    "Sebastian": "I could use some adrenaline but I'll stick to my bike.",
    "Linus": "I would much rather be swimming in the water than on top of it.",
    "Pierre": "Take a look at all the surfboards Robin made. I'm honored to be able to sell such fine craftsmanship.",
    "Caroline": "I always love these types of festivals. It's so nice to be surrounded by friends, food, and seeing the kids having fun.",
    "Alex": "I was going to show off these muscles and race Sam but he backed out last minute.",
    "George": "I used to surf back in my youth. Went to Oahu, and Tavarua if you can believe this old man.",
    "Evelyn": "Did you know George used to be a surfer back in the day?#$b#I didn't know him when he surfed but he's shown me pictures of him riding the waves.#$b#He's always been so handsome.$h",
    "Lewis": "If you haven't already, don't forget to add some fuel to the bonfire.#$b#We want everyone to be warm while the competition is happening.",
    "Clint": "I've spent most of my life in Pelican Town @, and I never would have said somebody could surf on these waters.$s",
    "Penny": "I'm looking forward to the surfing competition later! Do you think I should start preparing for next year @?",
    "Pam": "We've never had a festival like this in the valley before you got here @. No way Lewis thought up this on his own.",
    "Haley": "Emily kept saying how I should try out surfing but I don't want my hair getting ruined.#$b#A swim cap? No! That would look horrible.$a",
    "Jodi": "I managed to talk the boys out of surfing this year.#$b#Sam's a natural because of his skateboarding but I don't want him hurting himself on a rock or getting caught up in a net.#$b#Vincent? He's too young but maybe when he's older.",
    "Kent": "Jodi should have let the kids participate this year. They're young. They need to experience more positive things in their lives.",
    "Marlon": "There isn't a sword or bow on this planet that can damage the waves. Best of luck to you @.",
    "Sam": "Alex wanted to race but I just want to relax. I had the perfect excuse too.",
    "Leah": "I'm staying on land to get inspiration for my next art piece. Maybe I'll call it Valley Waves.",
    "Shane": "I'm looking forward to the race later! We have an extra board if you want to participate @.",
    "Marnie": "Lewis told me that Shane signed up for the race. It was startling at first but I know he can win.",
    "Elliott": "I'm not terribly fond of my front lawn being taken over but this festival is quite fun.#$b#Perhaps I'll practice balancing on a surfboard in one of the tide pools.",
    "Gus": "I always love getting to spend a day out of the saloon. This festival is going to be great.$h",
    "Dwarf": "On the surface people aren't afraid of water. They ride it. But down here? The water rushes in through the cracks.",
    "Wizard": "Do you require an arcane charm to improve your luck in the competition?",
    "Harvey": "*gulp* Why did I agree to try this out. I've never been surfing before.$s",
    "Sandy": "There's a festival happening! I'm so excited!",
    "Jas": "Shane's gonna win the surfing competition!$h",
    "Vincent": "Mom said I'm not old enough to go surfing.$s",
    "Willy": "Sometimes I can hear the waves crashing against the dock. I hope the kids know what they're doing. The sea, she can be a rough one."
}
