﻿{
    "Name": "Hibiscus Surfboard (Scarecrow)",
    "Description": "A pink and yellow surfboard with hibicus on it that also functions as a scarecrow.",
    "Price": 500,
    "IsDefault": false,
    "CanPurchase": true,
    "PurchaseFrom": "Robin",
    "PurchasePrice": 2500,
    "PurchaseRequirements": [
        "z spring fall winter",
        "u 6 7 8 9 10 11 12 13 14 15 16 17 18 19 20 21 22 23 24 25 26 27 28"
    ],
    "NameLocalization": {
        "hu": "Hibiszkusz szörfdeszka (Madárijesztő)",
        "ko": "히비스커스 서핑보드 (허수아비)"
    },
    "DescriptionLocalization": {
        "hu": "Rózsaszín és sárga hibiszkusszal díszített szörfdeszka. Madárijesztőként is használható.",
        "ko": "허수아비 역할도 하는 히비스커스가 그려진 분홍색과 노란색 서핑보드."
    }
}
