﻿{
    "Name": "Cheap Amulet?",
    "Description": "Something seems off about this amulet. Wonder why it's so cheap.",
    "Category": "ArtisanGoods",
    "Edibility": -300,
    "EdibleIsDrink": false,
    "Price": 50,
    "HideFromShippingCollection": true,
    "IsColored": false,
    "Recipe": null,
    "NameLocalization": {
        "hu": "Olcsó amulett?",
        "ko": "값싼 부적?"
    },
    "DescriptionLocalization": {
        "hu": "Valami nem stimmel ezzel az amulettel. Vajon miért olyan olcsó?",
        "ko": "이 부적에 문제가 있는 것 같습니다. 왜 이렇게 싼지 궁금하네요."
    }
}
