﻿{
    "Name": "Cool Surfboard (Scarecrow)",
    "Description": "A surfboard with a cool, bright green pattern on it that also functions as a scarecrow.",
    "Price": 500,
    "IsDefault": false,
    "CanPurchase": true,
    "PurchaseFrom": "Robin",
    "PurchasePrice": 2500,
    "PurchaseRequirements": [
        "z spring fall winter",
        "u 6 7 8 9 10 11 12 13 14 15 16 17 18 19 20 21 22 23 24 25 26 27 28"
    ],
    "NameLocalization": {
        "hu": "Menő szörfdeszka (Madárijesztő)",
        "ko": "멋진 서핑보드 (허수아비)"
    },
    "DescriptionLocalization": {
        "hu": "Menő élénkzöld mintás szörfdeszka. Madárijesztőként is használható.",
        "ko": "허수아비 역할도 하는 시원하고 밝은 녹색 무늬가 새겨진 서핑보드."
    }
}
