{
	"Format": "1.23.0",
	"Changes": [
		{
			"Action": "EditImage",
			"Target": "LooseSprites/Cursors",
			"FromFile": "assets/Cursors.png",
			"PatchMode": "Replace",
			"FromArea": { "X": 413, "Y": 305, "Width": 253, "Height": 28 },
			"ToArea": { "X": 413, "Y": 305, "Width": 253, "Height": 28 }
		},
		{
			"Action": "EditImage",
			"Target": "LooseSprites/Cursors",
			"FromFile": "assets/weather.png",
			"PatchMode": "Replace",
			"FromArea": { "X": 413, "Y": 333, "Width": 104, "Height": 52 },
			"ToArea": { "X": 413, "Y": 333, "Width": 104, "Height": 52 }
		},
		{
			"Action": "EditImage",
			"Target": "LooseSprites/Cursors",
			"FromFile": "assets/Under.png",
			"PatchMode": "Replace",
			"FromArea": { "X": 517, "Y": 361, "Width": 169, "Height": 28 },
			"ToArea": { "X": 517, "Y": 361, "Width": 169, "Height": 28 }
		},
		{
			"Action": "EditImage",
			"Target": "LooseSprites/Cursors2",
			"FromFile": "assets/Cursors2.png",
			"PatchMode": "Replace",
			"FromArea": { "X": 148, "Y": 62, "Width": 42, "Height": 28 },
			"ToArea": { "X": 148, "Y": 62, "Width": 42, "Height": 28 }
		},
]
}